<?xml version="1.0" encoding="UTF-8"?>
<!DOCTYPE hibernate-mapping PUBLIC "-//Hibernate/Hibernate Mapping DTD 3.0//EN" "http://hibernate.sourceforge.net/hibernate-mapping-3.0.dtd">
<hibernate-mapping package="com.example">

    <class name="Department" table="department">
        <id name="id" column="dept_id">
            <generator class="native"/>
        </id>
        <property name="name"/>

        <!-- List Mapping -->
        <list name="employeesList" table="employee_list" cascade="all">
            <key column="dept_id"/>
            <index column="list_index"/>
            <one-to-many class="com.example.Employee"/> <!-- Specify the full package name for Employee class -->
        </list>

        <!-- Set Mapping -->
        <set name="employeesSet" table="employee_set" cascade="all">
            <key column="dept_id"/>
            <one-to-many class="com.example.Employee"/> <!-- Specify the full package name for Employee class -->
        </set>
    </class>

    <class name="Employee" table="employee">
        <id name="id" column="emp_id">
            <generator class="native"/>
        </id>
        <property name="name"/>
    </class>

</hibernate-mapping>
